<?xml version="1.0" encoding="UTF-8"?>
<metadata xml:lang="en"><Esri><CreaDate>20230129</CreaDate><CreaTime>23171800</CreaTime><ArcGISFormat>1.0</ArcGISFormat><SyncOnce>TRUE</SyncOnce><DataProperties><lineage><Process ToolSource="c:\program files (x86)\arcgis\desktop10.7\ArcToolbox\Toolboxes\Conversion Tools.tbx\FeatureClassToFeatureClass" Date="20230129" Time="231718">FeatureClassToFeatureClass \\MkeGisFs\FS\Departments\ItmdGis\Servers\MkeSql\Admin\Service\PublicationService.sde\PublicationService.ShapeFile.Street "\\MkeGisFs\FS\GisShare\ItmdGis - ShapeFiles" street # "OBJECTID "OBJECTID" true false false 4 Long 0 10 ,First,#,\\MkeGisFs\FS\Departments\ItmdGis\Servers\MkeSql\Admin\Service\PublicationService.sde\PublicationService.ShapeFile.Street,OBJECTID,-1,-1;FromLeftAd "FromLeftAd" true false false 4 Long 0 10 ,First,#,\\MkeGisFs\FS\Departments\ItmdGis\Servers\MkeSql\Admin\Service\PublicationService.sde\PublicationService.ShapeFile.Street,FromLeftAddress,-1,-1;FromRightA "FromRightA" true false false 4 Long 0 10 ,First,#,\\MkeGisFs\FS\Departments\ItmdGis\Servers\MkeSql\Admin\Service\PublicationService.sde\PublicationService.ShapeFile.Street,FromRightAddress,-1,-1;ToLeftAddr "ToLeftAddr" true false false 4 Long 0 10 ,First,#,\\MkeGisFs\FS\Departments\ItmdGis\Servers\MkeSql\Admin\Service\PublicationService.sde\PublicationService.ShapeFile.Street,ToLeftAddress,-1,-1;ToRightAdd "ToRightAdd" true false false 4 Long 0 10 ,First,#,\\MkeGisFs\FS\Departments\ItmdGis\Servers\MkeSql\Admin\Service\PublicationService.sde\PublicationService.ShapeFile.Street,ToRightAddress,-1,-1;StreetDire "StreetDire" true true false 1 Text 0 0 ,First,#,\\MkeGisFs\FS\Departments\ItmdGis\Servers\MkeSql\Admin\Service\PublicationService.sde\PublicationService.ShapeFile.Street,StreetDirection,-1,-1;StreetName "StreetName" true true false 100 Text 0 0 ,First,#,\\MkeGisFs\FS\Departments\ItmdGis\Servers\MkeSql\Admin\Service\PublicationService.sde\PublicationService.ShapeFile.Street,StreetName,-1,-1;StreetType "StreetType" true true false 2 Text 0 0 ,First,#,\\MkeGisFs\FS\Departments\ItmdGis\Servers\MkeSql\Admin\Service\PublicationService.sde\PublicationService.ShapeFile.Street,StreetType,-1,-1;SegmentTyp "SegmentTyp" true true false 50 Text 0 0 ,First,#,\\MkeGisFs\FS\Departments\ItmdGis\Servers\MkeSql\Admin\Service\PublicationService.sde\PublicationService.ShapeFile.Street,SegmentType,-1,-1;Label "Label" true true false 105 Text 0 0 ,First,#,\\MkeGisFs\FS\Departments\ItmdGis\Servers\MkeSql\Admin\Service\PublicationService.sde\PublicationService.ShapeFile.Street,Label,-1,-1" #</Process></lineage></DataProperties></Esri></metadata>
